<?xml version="1.0"?>
<schedule id="Jane">
    <event>
        <name>Jane's Morning Run</name>
        <time>
            <start-day>Monday</start-day>
            <start>0600</start>
            <end-day>Monday</end-day>
            <end>0700</end>
        </time>
        <location>
            <online>false</online>
            <place>Park Trail</place>
        </location>
        <users>
            <uid>Jane</uid>
        </users>
    </event>
    <event>
        <name>Work Project Meeting</name>
        <time>
            <start-day>Wednesday</start-day>
            <start>0930</start>
            <end-day>Wednesday</end-day>
            <end>1045</end>
        </time>
        <location>
            <online>true</online>
            <place>Microsoft Teams</place>
        </location>
        <users>
            <uid>Project Lead</uid>
            <uid>Jane</uid>
            <uid>Team Member A</uid>
        </users>
    </event>
    <event>
        <name>Jane's Book Club</name>
        <time>
            <start-day>Thursday</start-day>
            <start>1900</start>
            <end-day>Thursday</end-day>
            <end>2030</end>
        </time>
        <location>
            <online>false</online>
            <place>Jane's House</place>
        </location>
        <users>
            <uid>Jane</uid>
            <uid>Emily</uid>
            <uid>Mike</uid>
        </users>
    </event>
    <event>
        <name>Neighborhood Potluck</name>
        <time>
            <start-day>Saturday</start-day>
            <start>1200</start>
            <end-day>Saturday</end-day>
            <end>1500</end>
        </time>
        <location>
            <online>false</online>
            <place>Community Center</place>
        </location>
        <users>
            <uid>Community Organizer</uid>
            <uid>Jane</uid>
            <uid>Bob</uid>
        </users>
    </event>
</schedule>
