<?xml version="1.0"?>
<schedule id="John">
    <event>
        <name>"Project Planning Session"</name>
        <time>
            <start-day>Monday</start-day>
            <start>0900</start>
            <end-day>Monday</end-day>
            <end>1100</end>
        </time>
        <location>
            <online>false</online>
            <place>"Main Office Meeting Room"</place>
        </location>
        <users>
            <uid>"John"</uid>
            <uid>"Sarah"</uid>
            <uid>"Mike"</uid>
        </users>
    </event>
    <event>
        <name>"Client Review Meeting"</name>
        <time>
            <start-day>Wednesday</start-day>
            <start>1400</start>
            <end-day>Wednesday</end-day>
            <end>1600</end>
        </time>
        <location>
            <online>true</online>
            <place>Zoom</place>
        </location>
        <users>
            <uid>"Sarah"</uid>
            <uid>"John"</uid>
            <uid>"Client A"</uid>
        </users>
    </event>
</schedule>