<?xml version="1.0"?>
<schedules>
    <schedule id="Shreyas">
        <event>
            <name>OOD</name>
            <time>
                <start-day>Tuesday</start-day>
                <start>0950</start>
                <end-day>Tuesday</end-day>
                <end>1130</end>
            </time>
            <location>
                <online>false</online>
                <place>Classroom 101</place>
            </location>
            <users>
                <uid>"Shreyas"</uid>
            </users>
        </event>
        <event>
            <name>Gym</name>
            <time>
                <start-day>Friday</start-day>
                <start>0800</start>
                <end-day>Friday</end-day>
                <end>1000</end>
            </time>
            <location>
                <online>false</online>
                <place>City Gym</place>
            </location>
            <users>
                <uid>"Shreyas"</uid>
            </users>
        </event>
        <event>
            <name>Video Game Session</name>
            <time>
                <start-day>Saturday</start-day>
                <start>1700</start>
                <end-day>Saturday</end-day>
                <end>1800</end>
            </time>
            <location>
                <online>true</online>
                <place>Online</place>
            </location>
            <users>
                <uid>"Shreyas"</uid>
            </users>
        </event>
    </schedule>
    <schedule id="Brandon">
        <event>
            <name>Piano</name>
            <time>
                <start-day>Monday</start-day>
                <start>1530</start>
                <end-day>Monday</end-day>
                <end>1615</end>
            </time>
            <location>
                <online>false</online>
                <place>Music Room</place>
            </location>
            <users>
                <uid>"Brandon"</uid>
            </users>
        </event>
        <event>
            <name>Running</name>
            <time>
                <start-day>Tuesday</start-day>
                <start>0745</start>
                <end-day>Tuesday</end-day>
                <end>0900</end>
            </time>
            <location>
                <online>false</online>
                <place>Park</place>
            </location>
            <users>
                <uid>"Brandon"</uid>
            </users>
        </event>
    </schedule>
</schedules>
